linha1,teste1,111,valor1
linha2,teste2,222,valor2
linha3,teste3,333,valor3
linha4,teste4,444,valor4
linha5,teste5,555,valor5
linha6,teste6,666,valor6
linha7,teste7,777,valor7
linha8,teste8,888,valor8
linha9,teste9,999,valor9
linha10,teste10,123,valor10
linha11,teste11,321,valor11
linha12,teste12,456,valor12
linha13,teste13,654,valor13
linha14,teste14,789,valor14
linha15,teste15,987,valor15
linha16,teste16,000,valor16
linha17,teste17,222,valor17
linha18,teste18,333,valor18
linha19,teste19,444,valor19
linha20,teste20,555,valor20
