dataset,classifier,metric,v1,v2,v3,v4,v5,v6,v7,v8,v9,v10,v11,v12,v13,v14,v15,v16,v17,v18,v19,v20,author
tic-tac-toe,perceptron,f1_score,0.4,0.55,0.51,0.4,0.4,0.44,0.34,0.47,0.53,0.5,0.41,0.41,0.32,0.54,0.31,0.52,0.39,0.52,0.51,0.54,leandro-menoni
tic-tac-toe,perceptron,accuracy,0.66,0.57,0.52,0.61,0.66,0.44,0.41,0.66,0.63,0.51,0.66,0.67,0.38,0.59,0.36,0.66,0.63,0.52,0.66,0.56,leandro-menoni
tic-tac-toe,svm,f1_score,0.46,0.41,0.45,0.42,0.5,0.42,0.39,0.42,0.45,0.45,0.45,0.48,0.44,0.4,0.42,0.46,0.44,0.46,0.46,0.44,leandro-menoni
tic-tac-toe,svm,accuracy,0.68,0.65,0.71,0.62,0.69,0.69,0.61,0.64,0.66,0.71,0.68,0.69,0.67,0.64,0.66,0.7,0.65,0.68,0.67,0.65,leandro-menoni
tic-tac-toe,naive_bayes,f1_score,0.6,0.59,0.59,0.52,0.59,0.59,0.61,0.58,0.58,0.57,0.59,0.55,0.59,0.59,0.57,0.59,0.62,0.52,0.59,0.53,leandro-menoni
tic-tac-toe,naive_bayes,accuracy,0.73,0.72,0.73,0.66,0.72,0.73,0.7,0.7,0.71,0.74,0.72,0.7,0.72,0.71,0.71,0.74,0.72,0.68,0.72,0.67,leandro-menoni
tic-tac-toe,decision_tree,f1_score,0.86,0.85,0.85,0.86,0.85,0.8,0.83,0.93,0.92,0.85,0.84,0.81,0.93,0.85,0.86,0.84,0.84,0.87,0.8,0.88,leandro-menoni
tic-tac-toe,decision_tree,accuracy,0.88,0.86,0.87,0.86,0.86,0.83,0.84,0.94,0.93,0.87,0.85,0.83,0.93,0.86,0.88,0.86,0.85,0.89,0.82,0.89,leandro-menoni
tic-tac-toe,knn,f1_score,0.83,0.82,0.81,0.77,0.74,0.76,0.74,0.8,0.84,0.78,0.78,0.77,0.83,0.78,0.77,0.71,0.83,0.77,0.8,0.79,leandro-menoni
tic-tac-toe,knn,accuracy,0.86,0.84,0.85,0.81,0.8,0.82,0.78,0.83,0.86,0.83,0.82,0.81,0.86,0.81,0.82,0.78,0.85,0.82,0.83,0.82,leandro-menoni
wine,perceptron,accuracy,0.9722222222222222,0.9166666666666666,0.9722222222222222,0.9714285714285714,1.0,1.0,0.9722222222222222,0.9444444444444444,0.9714285714285714,0.9428571428571428,1.0,0.9444444444444444,0.9722222222222222,0.9714285714285714,0.9714285714285714,0.9444444444444444,0.9722222222222222,1.0,0.9714285714285714,0.9714285714285714,larissa-v2
wine,perceptron,f1_score,0.974320987654321,0.9163636363636364,0.970961887477314,0.9696394686907022,1.0,1.0,0.9717813051146384,0.9487179487179488,0.9726327312534208,0.943249299719888,1.0,0.9487179487179488,0.974320987654321,0.973161567364466,0.9701104613385314,0.9457411645054664,0.970961887477314,1.0,0.973161567364466,0.9701104613385314,larissa-v2
wine,svm,accuracy,0.9722222222222222,0.9444444444444444,0.9722222222222222,0.9714285714285714,1.0,1.0,0.9722222222222222,1.0,1.0,1.0,1.0,1.0,1.0,1.0,0.9714285714285714,0.9722222222222222,0.9722222222222222,1.0,1.0,0.9714285714285714,larissa-v2
wine,svm,f1_score,0.9717813051146384,0.944055944055944,0.970961887477314,0.9696394686907022,1.0,1.0,0.9717813051146384,1.0,1.0,1.0,1.0,1.0,1.0,1.0,0.9701104613385314,0.9747545582047684,0.970961887477314,1.0,1.0,0.9701104613385314,larissa-v2
wine,naive_bayes,accuracy,0.9444444444444444,0.9444444444444444,1.0,1.0,1.0,1.0,0.9444444444444444,0.9722222222222222,0.9714285714285714,1.0,0.9444444444444444,1.0,1.0,0.9714285714285714,0.9428571428571428,0.9444444444444444,0.9722222222222222,1.0,1.0,0.9428571428571428,larissa-v2
wine,naive_bayes,f1_score,0.945824706694272,0.944055944055944,1.0,1.0,1.0,1.0,0.944055944055944,0.9740129935032484,0.9726327312534208,1.0,0.942857142857143,1.0,1.0,0.9726327312534208,0.9441538629181648,0.9457411645054664,0.970961887477314,1.0,1.0,0.9441538629181648,larissa-v2
wine,knn,accuracy,0.9166666666666666,0.8888888888888888,0.9166666666666666,1.0,1.0,0.9722222222222222,0.8888888888888888,1.0,1.0,0.9714285714285714,0.8888888888888888,0.9722222222222222,1.0,1.0,0.9428571428571428,1.0,0.9722222222222222,0.9722222222222222,0.9428571428571428,0.9142857142857144,larissa-v2
wine,knn,f1_score,0.9163636363636364,0.8876328502415459,0.9162962962962964,1.0,1.0,0.9751724137931036,0.8876328502415459,1.0,1.0,0.974320987654321,0.8877655677655678,0.974320987654321,1.0,1.0,0.9434817813765184,1.0,0.970961887477314,0.974320987654321,0.9439932048627702,0.9133333333333332,larissa-v2
wine,decision_tree,accuracy,0.9444444444444444,0.8055555555555556,0.9722222222222222,0.9428571428571428,0.9714285714285714,0.9166666666666666,0.9444444444444444,0.8611111111111112,0.8857142857142857,0.9428571428571428,0.8888888888888888,0.9444444444444444,0.9444444444444444,0.9428571428571428,0.9714285714285714,0.9444444444444444,0.9722222222222222,0.8611111111111112,0.8571428571428571,0.9142857142857144,larissa-v2
wine,decision_tree,f1_score,0.9484126984126984,0.8088405797101449,0.9740129935032484,0.9375,0.9701104613385314,0.91514687100894,0.9451526251526252,0.864606657710106,0.8870509607351712,0.943249299719888,0.8902691511387163,0.94531328320802,0.944469435697506,0.9465811965811968,0.9740129935032484,0.9457411645054664,0.9691228070175438,0.8621193789070377,0.86,0.9176703514271572,larissa-v2
glass_identification,perceptron,accuracy,0.4285714285714285,0.5,0.5952380952380952,0.238095238095238,0.4761904761904761,0.5952380952380952,0.1666666666666666,0.4761904761904761,0.4285714285714285,0.4285714285714285,0.6666666666666666,0.4761904761904761,0.5,0.5238095238095238,0.4761904761904761,0.5,0.6666666666666666,0.5,0.5,0.4047619047619047,andrey--jodar
glass_identification,svm,f1_score,0.22,0.2742857142857143,0.3629911883781853,0.1567099567099567,0.2165032679738562,0.2225213810579664,0.2211538461538461,0.2499597423510466,0.2516339869281045,0.1739341085271318,0.3046153846153846,0.1970618034447822,0.2249683830171635,0.2175925925925926,0.3160559678416821,0.2776556776556776,0.2091503267973856,0.2273242630385487,0.2601794340924775,0.1940035273368606,andrey--jodar
glass_identification,svm,accuracy,0.4047619047619047,0.4761904761904761,0.5476190476190477,0.4523809523809524,0.4047619047619047,0.3809523809523809,0.4285714285714285,0.4047619047619047,0.4047619047619047,0.3333333333333333,0.5,0.3809523809523809,0.4285714285714285,0.4285714285714285,0.5476190476190477,0.5238095238095238,0.4523809523809524,0.4285714285714285,0.5,0.4285714285714285,andrey--jodar
glass_identification,naive_bayes,f1_score,0.3832671957671957,0.4250528444076831,0.4201680672268907,0.3691520467836257,0.4619047619047619,0.4286638789326961,0.4506721348826612,0.5367543859649123,0.4222222222222222,0.4788178780284043,0.3090277777777777,0.4181167851756087,0.4974912165129556,0.4481481481481482,0.4366096866096866,0.426750637276953,0.5761183261183261,0.4140085061137692,0.4774374331887065,0.3925834022608216,andrey--jodar
glass_identification,naive_bayes,accuracy,0.3333333333333333,0.4523809523809524,0.5238095238095238,0.5,0.4761904761904761,0.4523809523809524,0.5,0.4285714285714285,0.5,0.3809523809523809,0.2142857142857142,0.3809523809523809,0.5476190476190477,0.5238095238095238,0.4047619047619047,0.4523809523809524,0.5714285714285714,0.4523809523809524,0.4761904761904761,0.2619047619047619,andrey--jodar
glass_identification,decision_tree,f1_score,0.6656445406445407,0.5037037037037037,0.6284608294930876,0.5107038123167155,0.6327004652435687,0.6375863902179691,0.4907498631636562,0.7816541353383458,0.6789321789321789,0.6344027582982702,0.6329411764705882,0.5678388278388279,0.6401028922768054,0.5697971781305115,0.6095312095312095,0.5985369037093174,0.6035353535353535,0.6511904761904762,0.5510429385429386,0.4086062596407423,andrey--jodar
glass_identification,decision_tree,accuracy,0.6666666666666666,0.6904761904761905,0.6666666666666666,0.6904761904761905,0.6666666666666666,0.6666666666666666,0.5952380952380952,0.7142857142857143,0.7142857142857143,0.6666666666666666,0.7380952380952381,0.5952380952380952,0.7380952380952381,0.6666666666666666,0.6428571428571429,0.7142857142857143,0.6904761904761905,0.6904761904761905,0.6904761904761905,0.4523809523809524,andrey--jodar
glass_identification,knn,f1_score,0.3433333333333333,0.6838095238095239,0.3845679012345679,0.4401709401709402,0.4619859307359307,0.4319892963571124,0.4680033416875522,0.4643997445721584,0.4887218045112782,0.3593434343434343,0.4968660968660968,0.443223864258347,0.3274813274813274,0.4108858858858858,0.4784992784992785,0.683060713233127,0.5135912698412699,0.5446428571428571,0.3798309178743961,0.3298611111111111,andrey--jodar
glass_identification,knn,accuracy,0.5238095238095238,0.6666666666666666,0.6904761904761905,0.5952380952380952,0.6428571428571429,0.5476190476190477,0.6190476190476191,0.6904761904761905,0.6904761904761905,0.4761904761904761,0.7619047619047619,0.5238095238095238,0.5238095238095238,0.6190476190476191,0.6190476190476191,0.7380952380952381,0.6428571428571429,0.6190476190476191,0.5714285714285714,0.5476190476190477,andrey--jodar
iris,perceptron,accuracy,0.7,0.6666666666666666,0.8,0.6666666666666666,0.6333333333333333,0.3333333333333333,0.5333333333333333,0.7666666666666667,0.6666666666666666,0.8666666666666667,0.6666666666666666,0.4,0.8666666666666667,0.9,0.6,0.8333333333333334,0.7,0.6333333333333333,0.8,0.7,pablo-v2
iris,perceptron,f1_score,0.6800275076137146,0.5367686527106817,0.7802197802197802,0.5341880341880342,0.5308432371250708,0.1666666666666666,0.446078431372549,0.7340930674264007,0.5473453749315819,0.8666666666666667,0.5555555555555555,0.2793650793650793,0.8680770553835568,0.899749373433584,0.5046296296296297,0.8317654038477836,0.6105499438832772,0.60067467847354,0.7927790490719552,0.6050505050505052,pablo-v2
iris,svm,accuracy,1.0,0.9666666666666668,1.0,0.9333333333333332,0.9333333333333332,0.9666666666666668,1.0,1.0,0.9,0.9,0.9666666666666668,0.9666666666666668,0.9666666666666668,1.0,1.0,0.9666666666666668,0.9666666666666668,0.9666666666666668,0.9666666666666668,0.9666666666666668,pablo-v2
iris,svm,f1_score,1.0,0.9665831244778612,1.0,0.9333333333333332,0.9326599326599326,0.9665831244778612,1.0,1.0,0.8976982097186701,0.899749373433584,0.9665831244778612,0.9665831244778612,0.9665831244778612,1.0,1.0,0.9665831244778612,0.9665831244778612,0.9665831244778612,0.9665831244778612,0.9665831244778612,pablo-v2
iris,naive_bayes,accuracy,1.0,0.9333333333333332,1.0,0.9333333333333332,0.9,0.9666666666666668,0.9666666666666668,0.9666666666666668,1.0,0.9,1.0,0.9333333333333332,0.9333333333333332,0.9666666666666668,0.9666666666666668,0.9333333333333332,1.0,1.0,0.9666666666666668,0.9333333333333332,pablo-v2
iris,naive_bayes,f1_score,1.0,0.9326599326599326,1.0,0.9333333333333332,0.8976982097186701,0.9665831244778612,0.9665831244778612,0.9665831244778612,1.0,0.899749373433584,1.0,0.9333333333333332,0.9326599326599326,0.9665831244778612,0.9665831244778612,0.9326599326599326,1.0,1.0,0.9665831244778612,0.9333333333333332,pablo-v2
iris,knn,accuracy,1.0,0.9666666666666668,1.0,0.9666666666666668,0.9666666666666668,0.9333333333333332,0.9666666666666668,1.0,0.9333333333333332,0.9333333333333332,0.9666666666666668,0.9666666666666668,0.9666666666666668,0.9333333333333332,0.9666666666666668,0.9666666666666668,0.9333333333333332,1.0,1.0,1.0,pablo-v2
iris,knn,f1_score,1.0,0.9665831244778612,1.0,0.9665831244778612,0.9665831244778612,0.9326599326599326,0.9665831244778612,1.0,0.9326599326599326,0.9333333333333332,0.9665831244778612,0.9665831244778612,0.9665831244778612,0.9333333333333332,0.9665831244778612,0.9665831244778612,0.9326599326599326,1.0,1.0,1.0,pablo-v2
iris,decision_tree,accuracy,1.0,0.8666666666666667,1.0,0.8666666666666667,0.9,0.9666666666666668,0.9333333333333332,1.0,0.9333333333333332,0.9,0.9666666666666668,0.9666666666666668,0.9333333333333332,0.9333333333333332,0.9666666666666668,0.9333333333333332,0.9333333333333332,0.9666666666666668,0.9666666666666668,0.9333333333333332,pablo-v2
iris,decision_tree,f1_score,1.0,0.8653198653198654,1.0,0.8653198653198654,0.8976982097186701,0.9665831244778612,0.9333333333333332,1.0,0.9326599326599326,0.899749373433584,0.9665831244778612,0.9665831244778612,0.9326599326599326,0.9326599326599326,0.9665831244778612,0.9326599326599326,0.9326599326599326,0.9665831244778612,0.9665831244778612,0.9333333333333332,pablo-v2
spambase,perceptron,f1_score,0.8875547559449312,0.8850867594965801,0.9006550602463725,0.8399189179921026,0.9021242972040692,0.9017310169331784,0.9229797658089854,0.8951181391927922,0.8844546258339362,0.8962011896903412,0.8733025442777114,0.885329677178113,0.8844152026454233,0.8877538570747235,0.8932599742038395,0.8924821714680657,0.864268970378506,0.8674669867947179,0.8700687317578382,0.8993682579414745,arthur--heiji
spambase,perceptron,accuracy,0.8913043478260869,0.8913043478260869,0.9032608695652172,0.8510869565217392,0.9077090119435396,0.907608695652174,0.925,0.8989130434782608,0.8913043478260869,0.9011943539630836,0.8782608695652174,0.8913043478260869,0.8880434782608696,0.8923913043478261,0.8990228013029316,0.8989130434782608,0.8728260869565218,0.8728260869565218,0.8760869565217392,0.9044516829533116,arthur--heiji
spambase,svm,f1_score,0.9233449818900068,0.9332786491677336,0.922250759671807,0.926828436923613,0.9390097295094492,0.9279474107048118,0.9277921670198572,0.9161373927696832,0.9392767022578304,0.9378542510121456,0.9179381463733716,0.9288971326995904,0.936297856976819,0.926984126984127,0.9330279232111692,0.9342493784158916,0.93655641776972,0.9227141816467496,0.9313801371663616,0.9283279277831888,arthur--heiji
spambase,svm,accuracy,0.9260869565217392,0.9369565217391304,0.925,0.9315217391304348,0.9435396308360476,0.932608695652174,0.9304347826086956,0.9195652173913044,0.9434782608695652,0.9413680781758956,0.9217391304347826,0.933695652173913,0.9391304347826088,0.9304347826086956,0.9370249728555916,0.9380434782608696,0.9402173913043478,0.9271739130434784,0.933695652173913,0.9326818675352876,arthur--heiji
spambase,naive_bayes,f1_score,0.7998145730449755,0.8272608437314319,0.8367590279354985,0.7989013704358404,0.8103496913018172,0.7967802157606966,0.8345292413714762,0.7923361006883919,0.8368825592762262,0.8208681214421252,0.8300460410390496,0.8087065832263001,0.8095375548171029,0.8060781750317361,0.8170047007901278,0.8103092783505155,0.8046850445531109,0.8350071736011477,0.8313541692537126,0.7973745966559108,arthur--heiji
spambase,naive_bayes,accuracy,0.8,0.8282608695652174,0.8369565217391305,0.8,0.8121606948968513,0.7978260869565217,0.8347826086956521,0.7923913043478261,0.8391304347826087,0.8219326818675353,0.8304347826086956,0.8097826086956522,0.8097826086956522,0.8065217391304348,0.8186753528773073,0.8108695652173913,0.8054347826086956,0.8369565217391305,0.8315217391304348,0.7980456026058632,arthur--heiji
spambase,decision_tree,f1_score,0.909103217614362,0.9115639719311736,0.907990799079908,0.9165217391304348,0.9240970958723476,0.9213402336657764,0.9164371388312,0.9119967035554508,0.9320164709719504,0.916034004523446,0.9015390368687348,0.9167260539597832,0.9235234783169706,0.910923092964712,0.9225036640180244,0.9077694235588972,0.9261337120318748,0.9205816009037784,0.9286360698125404,0.932565571074888,arthur--heiji
spambase,decision_tree,accuracy,0.9119565217391304,0.9163043478260868,0.9119565217391304,0.9217391304347826,0.9294245385450596,0.9260869565217392,0.9195652173913044,0.915217391304348,0.9369565217391304,0.9207383279044516,0.9054347826086956,0.9228260869565216,0.9271739130434784,0.915217391304348,0.9272529858849076,0.9130434782608696,0.9304347826086956,0.925,0.9315217391304348,0.9359391965255156,arthur--heiji
spambase,knn,f1_score,0.9037153322867608,0.8936982557672213,0.8962012400910446,0.8935367986011763,0.8981553154058808,0.900960849994242,0.9032627184165763,0.8990918513096,0.909026369168357,0.8978509430552872,0.8997021789007875,0.8979600942887485,0.9000863877576206,0.8983098420126405,0.9017957386488368,0.9020588924138224,0.9020588924138224,0.8998637576612858,0.901799965892542,0.8992545335899947,arthur--heiji
spambase,knn,accuracy,0.907608695652174,0.9,0.9,0.9010869565217392,0.9044516829533116,0.9065217391304348,0.907608695652174,0.9032608695652172,0.915217391304348,0.9033659066232356,0.9043478260869564,0.9054347826086956,0.9043478260869564,0.9032608695652172,0.9077090119435396,0.907608695652174,0.907608695652174,0.9054347826086956,0.9054347826086956,0.9055374592833876,arthur--heiji
data.csv,perceptron,accuracy,0.695,0.675,0.6475,0.675,0.6,0.64,0.6725,0.7275,0.7025,0.6775,0.6925,0.6925,0.6825,0.68,0.665,0.6875,0.7225,0.695,0.7025,0.71,luiz-miguel-silva
data.csv,perceptron,f1_score,0.626131054541958,0.5981664833149981,0.5593097456859106,0.5940008043272248,0.5668882346805132,0.5890546655252537,0.5979312873816117,0.6399687934801473,0.6216109768933613,0.6127871112627211,0.5970303521514594,0.6191356476123937,0.601980999844562,0.6155234465029696,0.5519804044968395,0.6228110997650813,0.6217740414442975,0.5934001670843775,0.6136902599372429,0.6035542228885558,luiz-miguel-silva
data.csv,svm,accuracy,0.7325,0.735,0.7375,0.745,0.73,0.735,0.755,0.755,0.7025,0.7325,0.745,0.7775,0.7425,0.7125,0.73,0.755,0.7525,0.74,0.705,0.7325,luiz-miguel-silva
data.csv,svm,f1_score,0.5785650623885918,0.6054484048784703,0.6185579729770395,0.6463982583774249,0.6141906405421217,0.618695768911926,0.6437229873723176,0.6505172706864314,0.5645571857935526,0.6053820899442475,0.6313874034462269,0.6656486708158441,0.6286637012325086,0.5917733462203549,0.5915979910416924,0.6421473967955198,0.6365877641985773,0.575812741220994,0.5816328240697989,0.6198541519642436,luiz-miguel-silva
data.csv,naive_bayes,accuracy,0.675,0.67,0.6625,0.68,0.615,0.6325,0.6575,0.665,0.655,0.6675,0.65,0.655,0.6525,0.6325,0.6475,0.6575,0.6875,0.6575,0.67,0.695,luiz-miguel-silva
data.csv,naive_bayes,f1_score,0.5759757354946173,0.5824775353016688,0.5305674717672684,0.5750612074678184,0.5064840570007626,0.5387386824969826,0.5546750916039956,0.569884516093147,0.5501327106874266,0.5648377826279701,0.550433074708437,0.5379115379115379,0.5455736029571646,0.521900462802619,0.5438427871148459,0.5749398569397073,0.6154658147632478,0.5625985400537342,0.5863101788951216,0.6063515509968056,luiz-miguel-silva
data.csv,knn,accuracy,0.6675,0.655,0.68,0.68,0.62,0.6525,0.675,0.6975,0.67,0.69,0.645,0.685,0.66,0.6525,0.6475,0.67,0.6825,0.67,0.6625,0.685,luiz-miguel-silva
data.csv,knn,f1_score,0.5655992920143863,0.5519182964861381,0.5707945913828266,0.5923602008416409,0.5286943584694543,0.5654730676256237,0.595093550102039,0.6270438003485569,0.5904093585709477,0.5968461166975074,0.5399483931503636,0.6010221989720406,0.5683539528899023,0.5657320936725413,0.5315616423466754,0.5719560499339842,0.5715530806057427,0.5903212083537405,0.5569435068329689,0.5784645466584125,luiz-miguel-silva
data.csv,decision_tree,accuracy,0.655,0.6475,0.6475,0.65,0.66,0.665,0.6425,0.67,0.665,0.655,0.655,0.66,0.65,0.615,0.62,0.6875,0.6475,0.6675,0.635,0.6625,luiz-miguel-silva
data.csv,decision_tree,f1_score,0.5911057745811278,0.5704033383069919,0.5786900342455898,0.5998562342215134,0.6097467045179464,0.5963567873115612,0.5881816539064451,0.6151832144463724,0.60582342899475,0.5876333298409927,0.5974698048569458,0.5909266521762331,0.5938214938214939,0.5554133944929274,0.5547093760958617,0.617959200997231,0.5853045294910355,0.6002051416768257,0.575434205036998,0.6103842629293995,luiz-miguel-silva
vertebra-column,perceptron,f1_score,0.4433497536945812,0.8927354035713169,0.7254637835282997,0.5832332761578044,0.8001526662062449,0.6481205926117616,0.6044634377967711,0.7663872770255749,0.797148237826204,0.7997198879551822,0.4235764235764236,0.5632583170254403,0.5987301587301587,0.5005446623093682,0.7171929824561403,0.6671626984126983,0.7567216391804097,0.7278688524590163,0.6978121757177448,0.6516036418697029,eduardo-barbeiro
vertebra-column,perceptron,accuracy,0.5967741935483871,0.9032258064516128,0.7580645161290323,0.7258064516129032,0.8548387096774194,0.7903225806451613,0.7258064516129032,0.7741935483870968,0.8225806451612904,0.8225806451612904,0.5967741935483871,0.7096774193548387,0.7580645161290323,0.5645161290322581,0.7419354838709677,0.7741935483870968,0.8064516129032258,0.8225806451612904,0.7903225806451613,0.7741935483870968,eduardo-barbeiro
vertebra-column,svm,f1_score,0.5139010828211882,0.4576850932362352,0.4746291959406712,0.5028985507246376,0.6154057582629011,0.462026862026862,0.4492122719734659,0.4816993464052287,0.54312047399605,0.5071168487255875,0.5410628019323672,0.468100358422939,0.4902356902356903,0.4977954144620811,0.4615384615384615,0.4486727742541695,0.5068376068376068,0.5282935455349248,0.489135158626684,0.4944560982918789,eduardo-barbeiro
vertebra-column,svm,accuracy,0.7419354838709677,0.6129032258064516,0.6451612903225806,0.6612903225806451,0.7741935483870968,0.6935483870967742,0.6451612903225806,0.6451612903225806,0.7419354838709677,0.6774193548387096,0.7741935483870968,0.6290322580645161,0.6774193548387096,0.6612903225806451,0.6612903225806451,0.6129032258064516,0.6935483870967742,0.7096774193548387,0.6612903225806451,0.7258064516129032,eduardo-barbeiro
vertebra-column,naive_bayes,f1_score,0.8357142857142857,0.8770114942528736,0.7432950191570882,0.7056774642981539,0.6856800856800858,0.7205128205128206,0.9034578990973706,0.7347763347763347,0.8344877344877345,0.7167919799498748,0.8881446039340776,0.7762416794674859,0.7583157583157583,0.7861246612466125,0.7486821186511589,0.7532467532467533,0.8341044919992289,0.8310267471958586,0.8424691358024691,0.7002489884842825,eduardo-barbeiro
vertebra-column,naive_bayes,accuracy,0.8870967741935484,0.8870967741935484,0.7741935483870968,0.7580645161290323,0.7741935483870968,0.8064516129032258,0.935483870967742,0.7419354838709677,0.8709677419354839,0.7580645161290323,0.9193548387096774,0.8225806451612904,0.8064516129032258,0.8064516129032258,0.8064516129032258,0.7903225806451613,0.8548387096774194,0.8709677419354839,0.8709677419354839,0.8064516129032258,eduardo-barbeiro
vertebra-column,decision_tree,f1_score,0.8238977165105755,0.8840492034684412,0.6895268474215842,0.630299776851501,0.6939574567554931,0.6579535200224855,0.8221743982145703,0.7127196919823647,0.6980539861895795,0.7326923076923076,0.7057277391243235,0.7739695340501792,0.7822906618896698,0.767475747941632,0.7720588235294118,0.6785340936089334,0.7139876718824087,0.786816220880069,0.7160453925159808,0.6171868462890134,eduardo-barbeiro
vertebra-column,decision_tree,accuracy,0.8548387096774194,0.9032258064516128,0.7580645161290323,0.6935483870967742,0.8064516129032258,0.7741935483870968,0.8870967741935484,0.7258064516129032,0.7903225806451613,0.7580645161290323,0.7903225806451613,0.8225806451612904,0.8387096774193549,0.7903225806451613,0.8387096774193549,0.7580645161290323,0.7580645161290323,0.8387096774193549,0.7741935483870968,0.7419354838709677,eduardo-barbeiro
vertebra-column,knn,f1_score,0.7760210803689064,0.6568366592756837,0.7130647130647131,0.6828271395334214,0.7688977688977688,0.7261538461538461,0.6620786620786621,0.7673992673992673,0.7361795292829775,0.7387309790410566,0.5950947603121516,0.6910600255427841,0.7739491691104594,0.7640760441292356,0.6971788028974456,0.6970335675253708,0.7377204539675936,0.7047619047619048,0.728114478114478,0.5618067978533094,eduardo-barbeiro
vertebra-column,knn,accuracy,0.8225806451612904,0.6935483870967742,0.7419354838709677,0.7258064516129032,0.8225806451612904,0.7903225806451613,0.7096774193548387,0.7741935483870968,0.7580645161290323,0.7580645161290323,0.7580645161290323,0.7258064516129032,0.8225806451612904,0.7741935483870968,0.7096774193548387,0.7258064516129032,0.7741935483870968,0.7419354838709677,0.7741935483870968,0.6774193548387096,eduardo-barbeiro
garments-workers,perceptron,accuracy,0.7714932126696833,0.6425339366515838,0.6719457013574661,0.7692307692307693,0.7647058823529411,0.8122171945701357,0.5203619909502263,0.7737556561085973,0.7782805429864253,0.7692307692307693,0.8099547511312217,0.8031674208144797,0.7669683257918553,0.7601809954751131,0.7058823529411765,0.7579185520361991,0.7760180995475113,0.8167420814479638,0.755656108597285,0.7692307692307693,isaque--cruz
garments-workers,perceptron,f1_score,0.627172433375926,0.6151014109347444,0.6593476100117466,0.6108080110497237,0.5310344827586206,0.6537848116795486,0.5203227061449311,0.6108058608058609,0.6296638281864505,0.5012169757047396,0.6794889502762431,0.6927097068060317,0.5497601740592395,0.5280061250805932,0.675124951941561,0.5727076425467326,0.5961011270179714,0.695361758974839,0.6433886149708651,0.5568181818181819,isaque--cruz
garments-workers,svm,accuracy,0.7285067873303167,0.7714932126696833,0.751131221719457,0.7375565610859729,0.753393665158371,0.7647058823529411,0.744343891402715,0.7217194570135747,0.755656108597285,0.7624434389140271,0.7579185520361991,0.7307692307692307,0.748868778280543,0.744343891402715,0.7669683257918553,0.7239819004524887,0.7647058823529411,0.7669683257918553,0.7420814479638009,0.744343891402715,isaque--cruz
garments-workers,svm,f1_score,0.4371816638370118,0.4630438181840051,0.490932696737446,0.4701554232804232,0.4385044811952962,0.4600892647404275,0.4804813863260487,0.4345062877708318,0.4641702586206896,0.4752077797252219,0.4571582704911447,0.4456073781291172,0.4758501330085574,0.4664059912609639,0.4694124914047294,0.449867374005305,0.4683567727609178,0.4926843401419672,0.4425366199052972,0.4434303925829349,isaque--cruz
garments-workers,naive_bayes,accuracy,0.7737556561085973,0.8144796380090498,0.7805429864253394,0.7760180995475113,0.7963800904977375,0.8167420814479638,0.7579185520361991,0.8009049773755657,0.7737556561085973,0.7986425339366516,0.8076923076923077,0.7963800904977375,0.7805429864253394,0.7805429864253394,0.7873303167420814,0.7647058823529411,0.8031674208144797,0.8076923076923077,0.7782805429864253,0.7850678733031674,isaque--cruz
garments-workers,naive_bayes,f1_score,0.6422211429496519,0.6959089841259187,0.6451855836471221,0.6588947873061902,0.6532064023433414,0.6863298259140171,0.634272899508951,0.7004036109313861,0.6108058608058609,0.6773537396553562,0.6862342261084525,0.6834516344654168,0.6419378815590576,0.6514393957870946,0.6481368563685637,0.6565964440460182,0.6696476894925388,0.6971992746322788,0.6223803047738605,0.6427082358346876,isaque--cruz
garments-workers,decision_tree,accuracy,0.7963800904977375,0.7918552036199095,0.8031674208144797,0.7918552036199095,0.8076923076923077,0.8461538461538461,0.7647058823529411,0.8054298642533937,0.7805429864253394,0.7895927601809954,0.8144796380090498,0.8393665158371041,0.7895927601809954,0.7782805429864253,0.8076923076923077,0.7918552036199095,0.7782805429864253,0.8031674208144797,0.7963800904977375,0.7873303167420814,isaque--cruz
garments-workers,decision_tree,f1_score,0.7112453180801952,0.7265513624014848,0.7359563291791121,0.7199217566190044,0.7354281247579276,0.7802923976608187,0.6994141033689056,0.7540631469979296,0.6876962187597881,0.7211318629878631,0.7369124009175111,0.78318214164807,0.7211318629878631,0.7152136752136753,0.7161593496672031,0.7421890850071009,0.7052611523910617,0.7375565610859729,0.7276834611171961,0.7025231262708709,isaque--cruz
garments-workers,knn,accuracy,0.7850678733031674,0.8099547511312217,0.7918552036199095,0.7850678733031674,0.7895927601809954,0.830316742081448,0.7624434389140271,0.7782805429864253,0.7895927601809954,0.7737556561085973,0.7895927601809954,0.7986425339366516,0.8122171945701357,0.8009049773755657,0.7647058823529411,0.7714932126696833,0.7963800904977375,0.8235294117647058,0.7895927601809954,0.7669683257918553,isaque--cruz
garments-workers,knn,f1_score,0.7168099814533806,0.7376854599406528,0.7311719906917706,0.7134238310708898,0.7142142037751591,0.7602048566654369,0.6832579185520362,0.7152136752136753,0.7194570135746607,0.6992460738684304,0.7005747252026835,0.726506065978378,0.7449438592832065,0.7399443731279418,0.6853231106243154,0.7203635611959184,0.7355404866374153,0.7595480541219137,0.7005747252026835,0.6772922204501152,isaque--cruz
car.csv,perceptron,f1_score,0.7708856033933433,0.8016012841594237,0.6159908731542844,0.8015956911305748,0.5755673150624052,0.7113332307694662,0.6767937548565047,0.7006526841697984,0.5399485061690629,0.6190375302663439,0.6438977376040282,0.5791076166440173,0.7597307118081663,0.7593184571752474,0.7527042485795001,0.5957821344843427,0.6339169000933706,0.6969526350438308,0.4622961270499069,0.7020160116448325,romulo-jordao
car.csv,perceptron,accuracy,0.8988439306358381,0.8901734104046243,0.8753623188405797,0.9188405797101448,0.881159420289855,0.861271676300578,0.8497109826589595,0.8724637681159421,0.8666666666666667,0.8898550724637682,0.8988439306358381,0.8410404624277457,0.9072463768115944,0.863768115942029,0.8695652173913043,0.8497109826589595,0.8410404624277457,0.881159420289855,0.8579710144927536,0.8405797101449275,romulo-jordao
car.csv,svm,f1_score,0.8899062156508173,0.9120086018544372,0.9603252696959792,0.9150881748089944,0.9518517649011616,0.9751451598585356,0.8887130587678367,0.9264256879009104,0.9040101257814896,0.9148043866827666,0.905270987167539,0.9428038875773452,0.9157932546884452,0.9315117550887664,0.9318278041125756,0.9316395942739888,0.887293830842218,0.8990178830973208,0.9336560001759202,0.9420756418566988,romulo-jordao
car.csv,svm,accuracy,0.9566473988439308,0.976878612716763,0.9681159420289857,0.9710144927536232,0.982608695652174,0.9884393063583816,0.9595375722543352,0.9652173913043478,0.9565217391304348,0.9710144927536232,0.9739884393063584,0.976878612716763,0.9710144927536232,0.9652173913043478,0.9710144927536232,0.9710982658959536,0.9653179190751444,0.9681159420289857,0.9710144927536232,0.9681159420289857,romulo-jordao
car.csv,naive_bayes,f1_score,0.6955683118924367,0.7214130661954704,0.7693750773078984,0.7383986928104576,0.7734161079233636,0.7414534600389864,0.694867274681219,0.7528569688109162,0.7745768283423152,0.7308239024842291,0.7175007879272641,0.7150118783787169,0.7413763701215861,0.7648417087374342,0.7583717357910906,0.7449090655995534,0.7197541657508263,0.7036815087804622,0.7778633004926109,0.7550512492197672,romulo-jordao
car.csv,naive_bayes,accuracy,0.791907514450867,0.7890173410404624,0.7971014492753623,0.8202898550724638,0.8144927536231884,0.7976878612716763,0.7745664739884393,0.8028985507246377,0.8289855072463768,0.808695652173913,0.8063583815028902,0.7774566473988439,0.8144927536231884,0.8,0.8144927536231884,0.8121387283236994,0.7947976878612717,0.7971014492753623,0.8492753623188406,0.7594202898550725,romulo-jordao
car.csv,knn,f1_score,0.42736090038405,0.5223558392228487,0.6004324699325072,0.5319724940266242,0.4555383909505799,0.5468668674983834,0.4766462891462891,0.4820584262073624,0.5116935704701662,0.6071703005526534,0.4597933477833198,0.5326239399869537,0.4776903839403839,0.5409701720452,0.5359159746440338,0.5114123480486245,0.5262936839681233,0.5083931828545372,0.4747127591467567,0.5593558921623124,romulo-jordao
car.csv,knn,accuracy,0.8063583815028902,0.846820809248555,0.8666666666666667,0.8347826086956521,0.8115942028985508,0.8439306358381503,0.8323699421965318,0.8347826086956521,0.8347826086956521,0.8434782608695652,0.8410404624277457,0.8554913294797688,0.8347826086956521,0.8376811594202899,0.8376811594202899,0.8323699421965318,0.8236994219653179,0.8434782608695652,0.8289855072463768,0.8405797101449275,romulo-jordao
car.csv,decision_tree,f1_score,0.9442094069979556,0.9243974938760128,0.9331776664317962,0.918275485334902,0.9600395829164888,0.928907830793434,0.919917118678998,0.9275769632156604,0.9047523153008236,0.8949949217702529,0.92651641904252,0.9490592404228768,0.957403485287466,0.9341869860344932,0.9724201274712784,0.9092692732513864,0.9130055071751292,0.8681566311856475,0.9563221537759524,0.9061152841390324,romulo-jordao
car.csv,decision_tree,accuracy,0.9682080924855492,0.9682080924855492,0.9710144927536232,0.9623188405797102,0.9797101449275364,0.976878612716763,0.9710982658959536,0.9710144927536232,0.9536231884057972,0.9594202898550724,0.976878612716763,0.9797687861271676,0.9768115942028984,0.9739130434782608,0.9855072463768116,0.9566473988439308,0.9508670520231214,0.9652173913043478,0.9768115942028984,0.9536231884057972,romulo-jordao
Rice,perceptron,accuracy,0.7,0.7333333333333333,0.4666666666666667,0.6666666666666666,0.9333333333333332,0.6666666666666666,0.6666666666666666,0.9,0.8,0.4,0.9,0.8,1.0,0.5333333333333333,0.9,0.9333333333333332,0.9666666666666668,0.9666666666666668,0.9,0.8666666666666667,rafael-scarpelli
Rice,perceptron,f1_score,0.6238244514106583,0.6825396825396827,0.3996373996373996,0.5341880341880342,0.9333333333333332,0.5555555555555555,0.5555555555555555,0.8976982097186701,0.7802197802197801,0.2865497076023391,0.8950004244121891,0.7802197802197801,1.0,0.465017825311943,0.899749373433584,0.9326599326599326,0.9665831244778612,0.9665831244778612,0.8950004244121891,0.8653198653198654,rafael-scarpelli
Rice,svm,accuracy,0.9666666666666668,1.0,1.0,1.0,0.9666666666666668,0.9666666666666668,1.0,0.9666666666666668,0.9666666666666668,1.0,0.9666666666666668,1.0,0.9666666666666668,1.0,0.9666666666666668,0.9666666666666668,0.9666666666666668,1.0,0.9666666666666668,1.0,rafael-scarpelli
Rice,svm,f1_score,0.9665831244778612,1.0,1.0,1.0,0.9665831244778612,0.9665831244778612,1.0,0.9665831244778612,0.9665831244778612,1.0,0.9665831244778612,1.0,0.9665831244778612,1.0,0.9665831244778612,0.9665831244778612,0.9665831244778612,1.0,0.9665831244778612,1.0,rafael-scarpelli
Rice,naive_bayes,accuracy,0.9666666666666668,0.9666666666666668,0.9666666666666668,0.9666666666666668,1.0,0.9,0.9333333333333332,0.9,0.9,1.0,0.9,0.9,0.9,1.0,0.8666666666666667,0.9666666666666668,0.9333333333333332,0.9333333333333332,1.0,0.9666666666666668,rafael-scarpelli
Rice,naive_bayes,f1_score,0.9665831244778612,0.9665831244778612,0.9665831244778612,0.9665831244778612,1.0,0.899749373433584,0.9326599326599326,0.8976982097186701,0.899749373433584,1.0,0.899749373433584,0.899749373433584,0.8976982097186701,1.0,0.8653198653198654,0.9665831244778612,0.9326599326599326,0.9326599326599326,1.0,0.9665831244778612,rafael-scarpelli
Rice,knn,accuracy,1.0,0.9666666666666668,0.9666666666666668,0.9666666666666668,1.0,0.9666666666666668,0.9666666666666668,0.9666666666666668,1.0,0.9666666666666668,0.9666666666666668,1.0,0.9666666666666668,1.0,0.9666666666666668,1.0,0.9666666666666668,0.9666666666666668,0.9666666666666668,0.9333333333333332,rafael-scarpelli
Rice,knn,f1_score,1.0,0.9665831244778612,0.9665831244778612,0.9665831244778612,1.0,0.9665831244778612,0.9665831244778612,0.9665831244778612,1.0,0.9665831244778612,0.9665831244778612,1.0,0.9665831244778612,1.0,0.9665831244778612,1.0,0.9665831244778612,0.9665831244778612,0.9665831244778612,0.9326599326599326,rafael-scarpelli
Rice,decision_tree,accuracy,0.9,1.0,0.9333333333333332,0.9666666666666668,0.9333333333333332,0.9666666666666668,0.9333333333333332,0.9333333333333332,0.9666666666666668,0.9666666666666668,1.0,1.0,0.8333333333333334,1.0,0.9666666666666668,0.9333333333333332,0.9333333333333332,0.9333333333333332,0.9666666666666668,0.9333333333333332,rafael-scarpelli
Rice,decision_tree,f1_score,0.8976982097186701,1.0,0.9326599326599326,0.9665831244778612,0.9326599326599326,0.9665831244778612,0.9326599326599326,0.9333333333333332,0.9665831244778612,0.9665831244778612,1.0,1.0,0.8294970161977835,1.0,0.9665831244778612,0.9326599326599326,0.9326599326599326,0.9333333333333332,0.9665831244778612,0.9333333333333332,rafael-scarpelli
breast-cancer-wisconsin.csv,perceptron,accuracy,0.9357142857142856,0.95,0.95,0.9642857142857144,0.9640287769784172,0.9642857142857144,0.9214285714285714,0.9571428571428572,0.9714285714285714,0.935251798561151,0.9642857142857144,0.9857142857142858,0.9642857142857144,0.9642857142857144,0.9424460431654677,0.9428571428571428,0.9428571428571428,0.9571428571428572,0.9857142857142858,0.9568345323741008,mateus--raskoski
breast-cancer-wisconsin.csv,perceptron,f1_score,0.9355496850233692,0.9492877492877492,0.9505392997400298,0.96436743121826,0.9639377367821016,0.9646709283857356,0.9225448020248088,0.9571428571428572,0.9715555555555556,0.9343386194846204,0.964516842745727,0.9857142857142858,0.9646709283857356,0.9639961556470096,0.942146560272596,0.942255776710135,0.943574733264092,0.9566671071758952,0.985781565373402,0.9568345323741008,mateus--raskoski
breast-cancer-wisconsin.csv,svm,accuracy,0.9571428571428572,0.9642857142857144,0.9714285714285714,0.9642857142857144,0.9712230215827338,0.9714285714285714,0.9642857142857144,0.9571428571428572,0.9857142857142858,0.9568345323741008,0.9571428571428572,0.9928571428571428,0.9571428571428572,0.9928571428571428,0.9424460431654677,0.9928571428571428,0.9428571428571428,0.95,0.9857142857142858,0.9496402877697842,mateus--raskoski
breast-cancer-wisconsin.csv,svm,f1_score,0.9573446961202065,0.9641942694574276,0.9715631307468042,0.964516842745727,0.97147522431493,0.9715631307468042,0.9645308650833512,0.9571428571428572,0.9857777777777778,0.95703518817599,0.9576486013986016,0.9928744457052722,0.9573446961202065,0.9928744457052722,0.9424460431654677,0.992873486243652,0.9437562437562438,0.9498719772403984,0.985781565373402,0.9497607586881456,mateus--raskoski
breast-cancer-wisconsin.csv,naive_bayes,accuracy,0.95,0.9571428571428572,0.9642857142857144,0.9642857142857144,0.9640287769784172,0.9714285714285714,0.9571428571428572,0.95,0.9714285714285714,0.9496402877697842,0.95,0.9857142857142858,0.9428571428571428,0.9785714285714284,0.9424460431654677,0.9785714285714284,0.9571428571428572,0.95,0.9785714285714284,0.9424460431654677,mateus--raskoski
breast-cancer-wisconsin.csv,naive_bayes,f1_score,0.9503432111166916,0.9573446961202065,0.9645308650833512,0.964516842745727,0.9644110856641084,0.9715631307468042,0.9575238095238096,0.9503432111166916,0.9716677682308876,0.9499813049509606,0.9506666666666668,0.985781565373402,0.9433650793650794,0.9787185190500108,0.9424460431654677,0.9787101056474362,0.9576810499480692,0.9501211199369052,0.9787185190500108,0.9429504486298602,mateus--raskoski
breast-cancer-wisconsin.csv,knn,accuracy,0.9642857142857144,0.9714285714285714,0.9642857142857144,0.9714285714285714,0.9712230215827338,0.9714285714285714,0.9642857142857144,0.9714285714285714,0.9857142857142858,0.9496402877697842,0.9857142857142858,0.9857142857142858,0.9571428571428572,0.9857142857142858,0.920863309352518,0.9714285714285714,0.95,0.9642857142857144,0.9785714285714284,0.9496402877697842,mateus--raskoski
breast-cancer-wisconsin.csv,knn,f1_score,0.9643722285263608,0.9712782298918196,0.9643722285263608,0.9714285714285714,0.9713567921173264,0.9714285714285714,0.9646709283857356,0.9714285714285714,0.9857777777777778,0.9489300373769268,0.9857777777777778,0.9857142857142858,0.9571428571428572,0.9857142857142858,0.920228559959356,0.971286231884058,0.9507103285612418,0.9639961556470096,0.9786233371158164,0.949512831494942,mateus--raskoski
breast-cancer-wisconsin.csv,decision_tree,accuracy,0.9285714285714286,0.9285714285714286,0.9357142857142856,0.9285714285714286,0.9280575539568344,0.9357142857142856,0.9285714285714286,0.9357142857142856,0.9571428571428572,0.920863309352518,0.95,0.95,0.9357142857142856,0.95,0.935251798561151,0.9285714285714286,0.9357142857142856,0.95,0.9357142857142856,0.8992805755395683,mateus--raskoski
breast-cancer-wisconsin.csv,decision_tree,f1_score,0.9285714285714286,0.9273182957393484,0.9347985347985348,0.9285714285714286,0.9276832003407448,0.9355496850233692,0.9285714285714286,0.9351930801646172,0.9573333333333334,0.920228559959356,0.9503235798440178,0.9495946179058132,0.9358700113474492,0.9495946179058132,0.9354066897419012,0.9269005847953216,0.9361555571500322,0.9501211199369052,0.9358700113474492,0.8975304862492983,mateus--raskoski
bank,perceptron,accuracy,0.6955568171905142,0.787793756568142,0.6719125858974884,0.7301722901525107,0.7159822186416064,0.7857959164440116,0.6738088823324773,0.7933050323534714,0.7546709581086684,0.6576190117762138,0.6846331673027188,0.6219542854193905,0.835207477192354,0.693621637466235,0.726535927636528,0.7640156657293871,0.8173110422097123,0.7210317225453933,0.7014422049686744,0.6266169339021029,rafael-leonardo
bank,perceptron,f1_score,0.6780238245863692,0.7588583952480596,0.5666356053799343,0.5243164727780787,0.5447309249615472,0.511646574524588,0.7437734508372096,0.5024362159341292,0.777354670461178,0.6698805308331441,0.6358098222977173,0.523111839592214,0.5258271309499739,0.7682048976807503,0.7681369049622453,0.7666367446107505,0.7648938628587257,0.6671296010231899,0.793909371193338,0.7309558420452131,rafael-leonardo
bank,svm,accuracy,0.6938500312654781,0.6794029916327393,0.6782697899285594,0.6681235058889193,0.7624268401456933,0.6474658117679998,0.6127174242136701,0.7707879124371358,0.8354528611184203,0.6381364749722949,0.842086613027967,0.6900097034894298,0.6008193823804925,0.7474910874374527,0.6522863120359972,0.6318122737639106,0.7968632611120932,0.767444031057996,0.738360100782994,0.624429693977758,rafael-leonardo
bank,svm,f1_score,0.7458385623766756,0.7126861204698105,0.7055287957034548,0.5902503881805602,0.7631225379240234,0.5420406315933256,0.7896282088119286,0.6397963989606672,0.733589190136546,0.7079609497087211,0.6289367178151752,0.6348256831548762,0.5035736975438544,0.6925033473535164,0.5380623947108318,0.6818967546890695,0.5437090960875725,0.5424371821927787,0.557482056955616,0.6184919349522018,rafael-leonardo
bank,naive_bayes,accuracy,0.7394879322103111,0.7105181716054558,0.8107937705806361,0.7065304701540545,0.6978619333605532,0.6642015075566633,0.6331360756597759,0.8161086517683382,0.7410733974020398,0.848686448700535,0.6080273670874617,0.630871131734684,0.6011786741198508,0.614059074552566,0.7407461493518634,0.6654996212891088,0.8002690842663744,0.6455301240100219,0.7172576471637726,0.8341129688322613,rafael-leonardo
bank,naive_bayes,f1_score,0.5843560336599342,0.6926691902507089,0.7919299937701778,0.7181560141314829,0.591715622573552,0.758194685714284,0.6565673576674543,0.6221967743294615,0.5216817804665652,0.6209737674474347,0.5169524574124115,0.5812323963738519,0.6456748135670844,0.741431999977946,0.7281979779264149,0.79394034628011,0.6645327731330738,0.7592309299460753,0.6411967876765267,0.52180965021459,rafael-leonardo
bank,knn,accuracy,0.7991536056585666,0.6004925780885502,0.6260799566251145,0.6264583818243175,0.6037075435537821,0.6664062774036548,0.826453107254034,0.6372395948739848,0.6319583651279742,0.7749581428820462,0.8476638148234693,0.8089983544449204,0.6706142524894946,0.6044359248626611,0.7690165727978135,0.8015949701343096,0.6795600677212379,0.8266412841671437,0.6213599368912706,0.7986349845406293,rafael-leonardo
bank,knn,f1_score,0.7523618746711175,0.7601722266668252,0.7700512986740302,0.7292640883429252,0.6506826764042254,0.7675537982856635,0.623098895762547,0.615197379374789,0.6519138612390591,0.5884653705454913,0.7183534229426526,0.6425893110397836,0.6202492500443948,0.7154971935401515,0.503994698931937,0.7721559756931877,0.5839912912277686,0.6564522859221112,0.7603188476965546,0.5199882139150358,rafael-leonardo
bank,decision_tree,accuracy,0.6970751069383353,0.7264973933594878,0.7114373280452191,0.76247349560995,0.8167619890205963,0.6406719766901756,0.6405037793568373,0.8475936549006519,0.7052607665667464,0.683571186115974,0.8339910600634808,0.6468120802242333,0.760647873857265,0.6348367243706485,0.7558633372079036,0.6723895261595273,0.7422446689592549,0.7659291124032185,0.7581780316719838,0.7669411552705472,rafael-leonardo
bank,decision_tree,f1_score,0.7531224179014425,0.7998006614846072,0.5725748849810677,0.5612949766666201,0.5851425491090891,0.6703340587582635,0.5363719956207698,0.7524368235715782,0.706862201801654,0.6956054741407722,0.7187857427918565,0.5038114900555859,0.5903354960577576,0.6406714643358318,0.7403676364979476,0.6265535721015348,0.5435028652311622,0.5001496031488982,0.7581785228924798,0.6089857040800389,rafael-leonardo
agaricus-lepiota,perceptron,f1_score,0.9136652783785666,0.8991436446103431,0.9562040838375108,0.9610609723137856,0.935717616177664,0.9505896623761708,0.8474025974025974,0.8677354818712568,0.9151578141239538,0.9676859347874662,0.9520197920961826,0.7853793537227769,0.948908962590062,0.8574170277766898,0.9577385635607508,0.9523922623357814,0.947080120748954,0.9079007713154056,0.9485874027657736,0.8256082293850586,vitor--garcia
agaricus-lepiota,perceptron,accuracy,0.921099290780142,0.9086879432624112,0.9592198581560284,0.9636524822695036,0.9414893617021276,0.953900709219858,0.8723404255319149,0.8856382978723404,0.9219858156028368,0.9689716312056738,0.9565602836879432,0.7854609929078015,0.9512411347517732,0.874113475177305,0.9601063829787234,0.9547872340425532,0.948581560283688,0.9166666666666666,0.952127659574468,0.8546099290780141,vitor--garcia
agaricus-lepiota,svm,f1_score,1.0,1.0,1.0,1.0,1.0,1.0,1.0,1.0,1.0,1.0,1.0,1.0,1.0,1.0,1.0,1.0,1.0,1.0,1.0,1.0,vitor--garcia
agaricus-lepiota,svm,accuracy,1.0,1.0,1.0,1.0,1.0,1.0,1.0,1.0,1.0,1.0,1.0,1.0,1.0,1.0,1.0,1.0,1.0,1.0,1.0,1.0,vitor--garcia
agaricus-lepiota,naive_bayes,f1_score,0.6059167463140986,0.5840070672050197,0.5692927292234051,0.6038739528214526,0.6309383588535532,0.5978903243540407,0.6058629587155964,0.6325531441398728,0.5792390493445594,0.5815917440282923,0.6214415657056591,0.5878574931424907,0.587466829965299,0.5833584365403346,0.6037917900973339,0.5843160377358491,0.5903804671132608,0.5871385360608644,0.5870359140219662,0.6395937367752856,vitor--garcia
agaricus-lepiota,naive_bayes,accuracy,0.7047872340425532,0.6906028368794326,0.6923758865248227,0.7118794326241135,0.725177304964539,0.7056737588652482,0.723404255319149,0.7313829787234043,0.6897163120567376,0.6764184397163121,0.726063829787234,0.699468085106383,0.6950354609929078,0.6923758865248227,0.7056737588652482,0.6897163120567376,0.6888297872340425,0.7012411347517731,0.7109929078014184,0.7322695035460993,vitor--garcia
agaricus-lepiota,decision_tree,f1_score,1.0,1.0,1.0,1.0,1.0,1.0,1.0,1.0,1.0,1.0,1.0,1.0,1.0,1.0,1.0,1.0,1.0,1.0,1.0,1.0,vitor--garcia
agaricus-lepiota,decision_tree,accuracy,1.0,1.0,1.0,1.0,1.0,1.0,1.0,1.0,1.0,1.0,1.0,1.0,1.0,1.0,1.0,1.0,1.0,1.0,1.0,1.0,vitor--garcia
agaricus-lepiota,knn,f1_score,1.0,1.0,0.9962210548885078,1.0,1.0,0.9990608569680166,1.0,1.0,1.0,1.0,1.0,0.9990625116874374,0.9990688267464658,0.9981353584310562,0.9990616881793506,0.999071072047092,0.9990787497457988,1.0,0.9990395218044728,1.0,vitor--garcia
agaricus-lepiota,knn,accuracy,1.0,1.0,0.99645390070922,1.0,1.0,0.999113475177305,1.0,1.0,1.0,1.0,1.0,0.999113475177305,0.999113475177305,0.99822695035461,0.999113475177305,0.999113475177305,0.999113475177305,1.0,0.999113475177305,1.0,vitor--garcia
winequality-red,perceptron,f1_score,0.7769451309941722,0.7075652598981292,0.7249569968043375,0.7445640073304775,0.7835851064525364,0.8203086035472403,0.6707658280316838,0.8385016343940234,0.7204400840458981,0.8579672971150607,0.7816413592973954,0.8387280110087405,0.8044136735095582,0.7336442461450132,0.7599897959688101,0.8279019853047909,0.820096438412936,0.7459650844108762,0.7432290968570284,0.7122077230551296,arthur-hydeki
winequality-red,svm,accuracy,0.9255507640359134,0.87926356129573,0.903218230190146,0.8974214965310197,0.9093768711679022,0.8778374513752297,0.9140897558876978,0.8983999310076902,0.9130137102908982,0.8913318924797525,0.885220881336136,0.8909448134867023,0.8954242571217397,0.9428829743411516,0.868692916253315,0.8618330261603354,0.9448972380293446,0.9236079792004624,0.880155785938988,0.9136129368688838,arthur-hydeki
winequality-red,svm,f1_score,0.9326344829083816,0.9013502323796762,0.913159967605014,0.9037852557620688,0.8886962304974892,0.8989609963111789,0.879737732752981,0.9164204379522364,0.9714212041286018,0.9199480638222962,0.9436213939218056,0.8951403720323188,0.9011319534131322,0.879416249831472,0.890068825880222,0.8586459255365334,0.911441384073592,0.8587705736896507,0.8874234959742336,0.851880365897083,arthur-hydeki
winequality-red,naive_bayes,accuracy,0.8403241325631003,0.8510398505651091,0.8321288362092241,0.9044793941646676,0.9426734439908028,0.8388945030499871,0.8991639576665078,0.875060434332072,0.8752575168204724,0.8947131041561152,0.810455044330642,0.874995382868018,0.8603582101875258,0.8433862135465777,0.9130571198974567,0.8082831432296604,0.8360443117719054,0.9054830891167106,0.8861993172889923,0.8951129160513651,arthur-hydeki
winequality-red,naive_bayes,f1_score,0.866115669703344,0.8218794116999818,0.9582595849748036,0.8492563554139136,0.821375015021039,0.8946146648913355,0.8957714280917234,0.8036695595792928,0.7914096774200318,0.8451412764441305,0.9048814045245692,0.8151657792235754,0.9556459363170868,0.8579421008031055,0.8560069161593571,0.876014098091639,0.8408534412282591,0.9157325837037842,0.8872795138081948,0.8686204991455415,arthur-hydeki
winequality-red,knn,accuracy,0.7432030287682991,0.8501200175583156,0.8251064636382379,0.7873628391467802,0.7914012516244975,0.7907204933860433,0.8070943704848044,0.8244312704091807,0.8224010339339164,0.919525768017,0.7575998334982801,0.7818618068400414,0.861139411979808,0.9740953282435448,0.8201905381988333,0.8400531711131229,0.7690363881213872,0.8424044050415989,0.872282932451583,0.7647256917030448,arthur-hydeki
winequality-red,knn,f1_score,0.8362311063929337,0.8680324607029387,0.8553915064697274,0.9617108064818978,0.8564333163703968,0.8449717363636255,0.767658896718928,0.8357183722401511,0.733010149483671,0.8200775151130252,0.7787088160248725,0.7388460261336844,0.8112038569133387,0.8252796243688036,0.8238267452019908,0.8556688409702589,0.7048553718457398,0.8706463114924526,0.8509290140445592,0.8574147038063135,arthur-hydeki
winequality-red,decision_tree,accuracy,0.9578704492527772,0.7694895995308607,0.7964243790029462,0.8279995992320687,0.7547053701232088,0.8000566587497357,0.8056776113813935,0.8033575607031043,0.795805357705299,0.7727718734646787,0.8273879513896624,0.8010667729498558,0.7198914866392733,0.8551975496261942,0.8614776701419435,0.7757192682131058,0.8923635542856967,0.6975733814360576,0.7250069436423155,0.9148864547308556,arthur-hydeki
winequality-red,decision_tree,f1_score,0.7850585589191517,0.7529439248059937,0.8038961394009607,0.8433610611668578,0.8207708483790428,0.9076839496681264,0.6965869991483261,0.6968236403703905,0.8269565053871063,0.7583747918850844,0.793891949779744,0.8377931655655244,0.7640936333043605,0.6652089383591465,0.9134719733922664,0.9379853534823,0.6354784790918893,0.9221570362637432,0.7543911388284913,0.7270113875810684,arthur-hydeki
Mushroom,perceptron,accuracy,0.9113475177304964,0.9419326241134752,0.9497635933806148,0.9552304964539008,0.9641843971631204,0.9867021276595744,0.983599290780142,0.95596926713948,0.9587765957446808,0.9670212765957448,0.9867021276595744,0.9933510638297872,0.993498817966903,0.988918439716312,0.9845744680851064,0.9867021276595744,0.9933510638297872,0.9887706855791962,0.97229609929078,0.974822695035461,renato-augusto-v2
Mushroom,svm,f1_score,0.9725177304964538,0.9725177304964538,0.9725177304964538,0.9725177304964538,0.972517730496454,0.9725177304964538,0.9725177304964538,0.9725177304964538,0.9725177304964538,0.972517730496454,0.9831560283687945,0.9831560283687945,0.9831560283687942,0.9831560283687945,0.9831560283687945,0.9689716312056738,0.9689716312056738,0.9689716312056738,0.9689716312056738,0.968971631205674,renato-augusto-v2
Mushroom,svm,accuracy,0.9725177304964538,0.9725177304964538,0.9725177304964538,0.9725177304964538,0.972517730496454,0.9725177304964538,0.9725177304964538,0.9725177304964538,0.9725177304964538,0.972517730496454,0.9831560283687945,0.9831560283687945,0.9831560283687942,0.9831560283687945,0.9831560283687945,0.9689716312056738,0.9689716312056738,0.9689716312056738,0.9689716312056738,0.968971631205674,renato-augusto-v2
Mushroom,naive_bayes,f1_score,0.6693262411347518,0.6693262411347518,0.6693262411347517,0.6693262411347518,0.6693262411347518,0.6586879432624113,0.6586879432624113,0.6586879432624113,0.6586879432624113,0.6586879432624113,0.6613475177304965,0.6613475177304965,0.6613475177304965,0.6613475177304965,0.6613475177304965,0.6586879432624113,0.6586879432624113,0.6586879432624113,0.6586879432624113,0.6586879432624113,renato-augusto-v2
Mushroom,naive_bayes,accuracy,0.6693262411347518,0.6693262411347518,0.6693262411347517,0.6693262411347518,0.6693262411347518,0.6586879432624113,0.6586879432624113,0.6586879432624113,0.6586879432624113,0.6586879432624113,0.6613475177304965,0.6613475177304965,0.6613475177304965,0.6613475177304965,0.6613475177304965,0.6586879432624113,0.6586879432624113,0.6586879432624113,0.6586879432624113,0.6586879432624113,renato-augusto-v2
Mushroom,decision_tree,f1_score,1.0,1.0,1.0,1.0,1.0,1.0,1.0,1.0,1.0,1.0,1.0,1.0,1.0,1.0,1.0,1.0,1.0,1.0,1.0,1.0,renato-augusto-v2
Mushroom,decision_tree,accuracy,1.0,1.0,1.0,1.0,1.0,1.0,1.0,1.0,1.0,1.0,1.0,1.0,1.0,1.0,1.0,1.0,1.0,1.0,1.0,1.0,renato-augusto-v2
Mushroom,knn,f1_score,1.0,1.0,1.0,1.0,1.0,1.0,1.0,1.0,1.0,1.0,1.0,1.0,1.0,1.0,1.0,1.0,1.0,1.0,1.0,1.0,renato-augusto-v2
Mushroom,knn,accuracy,1.0,1.0,1.0,1.0,1.0,1.0,1.0,1.0,1.0,1.0,1.0,1.0,1.0,1.0,1.0,1.0,1.0,1.0,1.0,1.0,renato-augusto-v2
Automobile,perceptron,accuracy,0.2258064516129032,0.4516129032258064,0.6774193548387096,0.6451612903225806,0.4571428571428571,0.4193548387096774,0.3548387096774194,0.6129032258064516,0.5483870967741935,0.5142857142857142,0.6451612903225806,0.5483870967741935,0.5483870967741935,0.4193548387096774,0.3142857142857143,0.5483870967741935,0.5483870967741935,0.6129032258064516,0.5161290322580645,0.5142857142857142,eduardo-cavazin
Automobile,svm,f1_score,0.2786764705882353,0.1663082437275985,0.1815652173913043,0.2530465949820789,0.1706730769230769,0.1586206896551724,0.2,0.2475524475524475,0.2264957264957265,0.2891414141414141,0.2135874877810361,0.2645962732919255,0.2619047619047619,0.1772549019607843,0.1832844574780058,0.272463768115942,0.2205405405405405,0.2685185185185185,0.1314655172413793,0.2307692307692307,eduardo-cavazin
Automobile,svm,accuracy,0.5483870967741935,0.3225806451612903,0.3548387096774194,0.5161290322580645,0.4285714285714285,0.3870967741935484,0.3870967741935484,0.4838709677419355,0.5483870967741935,0.4857142857142857,0.5483870967741935,0.5483870967741935,0.5161290322580645,0.3548387096774194,0.4285714285714285,0.5806451612903226,0.5161290322580645,0.5483870967741935,0.2903225806451613,0.4285714285714285,eduardo-cavazin
Automobile,naive_bayes,f1_score,0.3161904761904762,0.3267142214510635,0.5336363636363637,0.3914285714285714,0.3169172932330826,0.3782558021688456,0.4982857142857142,0.4596425796425796,0.5422077922077922,0.3356060606060606,0.3428571428571428,0.4945209176788124,0.4676190476190475,0.4557142857142857,0.5022644022644023,0.3466666666666666,0.4705882352941176,0.4056364687943635,0.3309283309283309,0.5387362637362637,eduardo-cavazin
Automobile,naive_bayes,accuracy,0.4516129032258064,0.5806451612903226,0.5806451612903226,0.4516129032258064,0.3428571428571428,0.5161290322580645,0.5483870967741935,0.5161290322580645,0.5483870967741935,0.4571428571428571,0.5483870967741935,0.5161290322580645,0.4838709677419355,0.4516129032258064,0.4571428571428571,0.4516129032258064,0.4516129032258064,0.4838709677419355,0.4516129032258064,0.5714285714285714,eduardo-cavazin
Automobile,decision_tree,f1_score,0.6227106227106227,0.6063725490196078,0.8107961603613777,0.6799422799422801,0.6189002568312912,0.8384800384800385,0.8032517482517483,0.8165800865800866,0.8288429406850458,0.7082517482517483,0.7385296574770259,0.692314448836188,0.6906060606060607,0.6302936829252619,0.8577677224736049,0.9487329434697857,0.5044444444444445,0.6615402141717931,0.5416971916971917,0.6933333333333332,eduardo-cavazin
Automobile,decision_tree,accuracy,0.7741935483870968,0.7419354838709677,0.8387096774193549,0.8709677419354839,0.7714285714285715,0.8709677419354839,0.8387096774193549,0.8387096774193549,0.8387096774193549,0.8285714285714286,0.8709677419354839,0.8387096774193549,0.6774193548387096,0.7096774193548387,0.8571428571428571,0.935483870967742,0.8064516129032258,0.7419354838709677,0.6451612903225806,0.6857142857142857,eduardo-cavazin
Automobile,knn,f1_score,0.6548387096774194,0.4109311740890688,0.4142704517704518,0.4261437908496732,0.3579365079365079,0.3199197860962566,0.4641284641284641,0.373015873015873,0.3424723424723424,0.4366300366300367,0.3731481481481482,0.5985797827903091,0.4536651583710407,0.287037037037037,0.3845506345506346,0.2769063180827886,0.6269980506822612,0.4048447204968944,0.5167378917378918,0.2808143547273982,eduardo-cavazin
Automobile,knn,accuracy,0.7096774193548387,0.5161290322580645,0.5483870967741935,0.5483870967741935,0.4571428571428571,0.4838709677419355,0.6129032258064516,0.5161290322580645,0.5483870967741935,0.5714285714285714,0.6451612903225806,0.7419354838709677,0.5806451612903226,0.3548387096774194,0.5428571428571428,0.5806451612903226,0.6774193548387096,0.5161290322580645,0.6129032258064516,0.3714285714285714,eduardo-cavazin
mushroom,perceptron,f1_score,0.472306540641478,0.4207247882563044,0.9325101600550704,0.6595568419749905,0.825989250301177,0.487631658040294,0.749435181788558,0.7247344650460686,0.6446553914547183,0.7017567906546816,0.4544848217985909,0.9587847836357318,0.915929114871048,0.6733575268412414, 0.9396490855519868,0.5103897993465868,0.9737640110425309,0.8464774419209227,0.6370516044484356,0.9581672637096122,thalles--barros
mushroom,svm,accuracy,0.7801724137931034,1.0,0.999384236453202,0.9322660098522167,0.9704433497536946,0.7801724137931034,1.0,0.999384236453202,0.9322660098522167,0.9704433497536946,0.7801724137931034,1.0,0.999384236453202,0.9322660098522167, 0.9704433497536946,0.7801724137931034,1.0,0.999384236453202,0.9322660098522167,0.9704433497536946,thalles--barros
mushroom,svm,f1_score,0.688500253866426,1.0,0.9993147930856546,0.8958838449774329,0.9645104895104896,0.688500253866426,1.0,0.9993147930856546,0.8958838449774329,0.9645104895104896,0.688500253866426,1.0,0.9993147930856546,0.8958838449774329, 0.9645104895104895,0.688500253866426,1.0,0.9993147930856546,0.8958838449774329,0.9645104895104896,thalles--barros
mushroom,naive_bayes,accuracy,0.4716748768472906,0.5443349753694581,0.8713054187192119,0.7789408866995073,0.955049261083744,0.4716748768472906,0.5443349753694581,0.8713054187192119,0.7789408866995073,0.955049261083744,0.4716748768472906,0.5443349753694581,0.8713054187192119,0.7789408866995073, 0.9550492610837439,0.4716748768472906,0.5443349753694581,0.8713054187192119,0.7789408866995073,0.955049261083744,thalles--barros
mushroom,naive_bayes,f1_score,0.4410728382463369,0.5443349753694581,0.8572859969011414,0.6873464594164855,0.9468759508282596,0.4410728382463369,0.4818391914732158,0.8572859969011414,0.6873464594164855,0.9468759508282596,0.4410728382463369,0.4818391914732158,0.8572859969011414,0.6873464594164855, 0.9468759508282596,0.4410728382463369,0.4818391914732158,0.8572859969011414,0.6873464594164855,0.9468759508282596,thalles--barros
mushroom,decision_tree,accuracy,1.0,1.0,1.0,0.9938423645320196,0.9901477832512317,1.0,1.0,1.0,0.9901477832512317,0.9852216748768472,1.0,1.0,1.0,0.9938423645320196, 1.0,1.0,1.0,1.0,0.9938423645320196,0.9852216748768472,thalles--barros
mushroom,decision_tree,f1_score,1.0,1.0,1.0,0.9890874295789792,0.9884920634920636,1.0,1.0,1.0,0.982977608322524,0.9826619217081852,1.0,1.0,1.0,0.9890874295789792, 1.0,1.0,1.0,1.0,0.9890874295789792,0.9826619217081852,thalles--barros
mushroom,knn,accuracy,0.6958128078817734,0.999384236453202,0.999384236453202,0.9033251231527094,0.8214285714285714,0.6958128078817734,0.999384236453202,0.999384236453202,0.9033251231527094,0.8214285714285714,0.6958128078817734,0.999384236453202,0.999384236453202,0.9033251231527094, resultado_15,0.6958128078817734,0.999384236453202,0.999384236453202,0.9033251231527094,0.8214285714285714,thalles--barros
mushroom,knn,f1_score,0.6958128078817734,0.9984713150361793,0.9993147930856546,0.8586500662210536,0.7570467582848417,0.6958128078817734,0.9984713150361793,0.9993147930856546,0.8586500662210536,0.7570467582848417,0.5950811497237134,0.9984713150361793,0.9993147930856546,0.8586500662210536, resultado_15,0.5950811497237134,0.9984713150361793,0.9993147930856546,0.8586500662210536,0.7570467582848417,thalles--barros
accelerator-mobile,perceptron,f1_score,0.496,0.495,0.495,0.496,0.495,0.495,0.495,0.495,0.496,0.496,0.497,0.494,0.498,0.495,0.496,0.495,0.497,0.495,0.496,0.495,gregory--soares
accelerator-mobile,perceptron,accuracy,0.982,0.981,0.982,0.984,0.982,0.982,0.98,0.981,0.984,0.984,0.983,0.982,0.984,0.981,0.983,0.982,0.983,0.981,0.984,0.982,gregory--soares
accelerator-mobile,svm,f1_score,0.829,0.813,0.782,0.827,0.788,0.803,0.832,0.8,0.799,0.825,0.83,0.812,0.828,0.815,0.831,0.814,0.829,0.813,0.827,0.816,gregory--soares
accelerator-mobile,svm,accuracy,0.99,0.988,0.987,0.99,0.987,0.988,0.989,0.987,0.989,0.99,0.988,0.989,0.99,0.988,0.99,0.987,0.99,0.988,0.989,0.988,gregory--soares
accelerator-mobile,naive_bayes,f1_score,0.496,0.495,0.495,0.62,0.495,0.496,0.652,0.495,0.496,0.496,0.497,0.495,0.496,0.495,0.497,0.495,0.496,0.495,0.497,0.495,gregory--soares
accelerator-mobile,naive_bayes,accuracy,0.982,0.981,0.982,0.975,0.982,0.982,0.975,0.981,0.984,0.984,0.983,0.982,0.984,0.981,0.983,0.982,0.983,0.981,0.984,0.982,gregory--soares
accelerator-mobile,decision_tree,f1_score,0.914,0.917,0.924,0.907,0.934,0.913,0.924,0.922,0.933,0.91,0.915,0.918,0.925,0.911,0.935,0.914,0.926,0.913,0.934,0.912,gregory--soares
accelerator-mobile,decision_tree,accuracy,0.994,0.994,0.995,0.994,0.995,0.993,0.994,0.994,0.996,0.994,0.995,0.994,0.996,0.993,0.995,0.994,0.995,0.993,0.996,0.994,gregory--soares
accelerator-mobile,knn,f1_score,0.853,0.821,0.83,0.843,0.829,0.834,0.853,0.831,0.803,0.854,0.852,0.822,0.831,0.844,0.83,0.835,0.854,0.832,0.804,0.855,gregory--soares
accelerator-mobile,knn,accuracy,0.99,0.987,0.988,0.99,0.988,0.989,0.989,0.987,0.987,0.99,0.988,0.989,0.99,0.988,0.99,0.987,0.99,0.988,0.989,0.988,gregory--soares
Car Evaluation,perceptron,f1_score,0.7047619047619047,0.7047619047619047,0.7047619047619047,0.7047619047619047,0.7047619047619047,0.1791044776119403,0.1791044776119403,0.1791044776119403,0.1791044776119403,0.1791044776119403,0.782608695652174,0.782608695652174,0.782608695652174,0.782608695652174,0.782608695652174,0.375,0.375,0.375,0.375,0.375,vitor-oliveira
Car Evaluation,svm,accuracy,0.8815028901734104,0.8815028901734104,0.8815028901734104,0.8815028901734104,0.8815028901734104,0.861271676300578,0.861271676300578,0.861271676300578,0.861271676300578,0.861271676300578,0.8815028901734104,0.8815028901734104,0.8815028901734104,0.8815028901734104,0.8815028901734104,0.8728323699421965,0.8728323699421965,0.8728323699421965,0.8728323699421965,0.8728323699421965,vitor-oliveira
Car Evaluation,svm,f1_score,0.7600000000000001,0.7600000000000001,0.7600000000000001,0.7600000000000001,0.7600000000000001,0.7014925373134329,0.7014925373134329,0.7014925373134329,0.7014925373134329,0.7014925373134329,0.75,0.75,0.75,0.75,0.75,0.7924528301886792,0.7924528301886792,0.7924528301886792,0.7924528301886792,0.7924528301886792,vitor-oliveira
Car Evaluation,naive_bayes,accuracy,0.7398843930635838,0.7398843930635838,0.7398843930635838,0.7398843930635838,0.7398843930635838,0.7601156069364162,0.7601156069364162,0.7601156069364162,0.7601156069364162,0.7601156069364162,0.7716763005780347,0.7716763005780347,0.7716763005780347,0.7716763005780347,0.7716763005780347,0.8179190751445087,0.8179190751445087,0.8179190751445087,0.8179190751445087,0.8179190751445087,vitor-oliveira
Car Evaluation,naive_bayes,f1_score,0.5454545454545454,0.5454545454545454,0.5454545454545454,0.5454545454545454,0.5454545454545454,0.6744186046511628,0.6744186046511628,0.6744186046511628,0.6744186046511628,0.6744186046511628,0.6301369863013699,0.6301369863013699,0.6301369863013699,0.6301369863013699,0.6301369863013699,0.7435897435897436,0.7435897435897436,0.7435897435897436,0.7435897435897436,0.7435897435897436,vitor-oliveira
Car Evaluation,decision_tree,accuracy,0.976878612716763,0.976878612716763,0.976878612716763,0.976878612716763,0.976878612716763,0.96242774566474,0.96242774566474,0.96242774566474,0.96242774566474,0.96242774566474,0.9826589595375722,0.9826589595375722,0.9826589595375722,0.9826589595375722,0.9826589595375722,0.9682080924855492,0.9682080924855492,0.9682080924855492,0.9682080924855492,0.9682080924855492,vitor-oliveira
Car Evaluation,decision_tree,f1_score,0.9855072463768116,0.9855072463768116,0.9855072463768116,0.9855072463768116,0.9855072463768116,0.9323308270676692,0.9323308270676692,0.9323308270676692,0.9323308270676692,0.9323308270676692,0.9746835443037974,0.9746835443037974,0.9746835443037974,0.9746835443037974,0.9746835443037974,0.9759036144578312,0.9759036144578312,0.9759036144578312,0.9759036144578312,0.9759036144578312,vitor-oliveira
Car Evaluation,knn,accuracy,0.9132947976878611,0.9132947976878611,0.9132947976878611,0.9132947976878611,0.9132947976878611,0.8815028901734104,0.8815028901734104,0.8815028901734104,0.8815028901734104,0.8815028901734104,0.9190751445086706,0.9190751445086706,0.9190751445086706,0.9190751445086706,0.9190751445086706,0.9132947976878611,0.9132947976878611,0.9132947976878611,0.9132947976878611,0.9132947976878611,vitor-oliveira
Car Evaluation,knn,f1_score,0.9281767955801106,0.9281767955801106,0.9281767955801106,0.9281767955801106,0.9281767955801106,0.8366013071895425,0.8366013071895425,0.8366013071895425,0.8366013071895425,0.8366013071895425,0.9183673469387756,0.9183673469387756,0.9183673469387756,0.9183673469387756,0.9183673469387756,0.858974358974359,0.858974358974359,0.858974358974359,0.858974358974359,0.858974358974359,vitor-oliveira
insurance,logistic_regression,accuracy,0.8544776119402985,0.8619402985074627,0.8432835820895522,0.8470149253731343,0.8656716417910447,0.8544776119402985,0.8432835820895522,0.8544776119402985,0.8395522388059702,0.8171641791044776,0.8432835820895522,0.8619402985074627,0.8283582089552238,0.8880597014925373,0.832089552238806,0.8731343283582089,0.8134328358208955,0.832089552238806,0.8619402985074627,0.8694029850746269,arthur-protazio
insurance,logistic_regression,f1_score,0.8481986815009203,0.8548945068060868,0.839081687007515,0.8412045543940501,0.8627253145745767,0.8540710402007717,0.8396682611759345,0.8517629716707493,0.8388994681200341,0.8099407509233197,0.8361502310464816,0.8592185178006074,0.8226531713537306,0.8864556499452672,0.8285297243699968,0.8669374139634777,0.8039467040798007,0.827868299484069,0.8598716853347115,0.865492217249917,arthur-protazio
insurance,decision_tree,accuracy,0.8097014925373134,0.8283582089552238,0.8507462686567164,0.8283582089552238,0.8171641791044776,0.8059701492537313,0.8246268656716418,0.8246268656716418,0.835820895522388,0.8059701492537313,0.8134328358208955,0.7798507462686567,0.8395522388059702,0.8544776119402985,0.8432835820895522,0.8470149253731343,0.8134328358208955,0.8470149253731343,0.8283582089552238,0.8582089552238806,arthur-protazio
insurance,decision_tree,f1_score,0.8099135635131072,0.8289835603188832,0.8518589254095285,0.8285076570906457,0.8172520965865834,0.8087684072497179,0.8250107933859833,0.8263229680703984,0.8361253743167703,0.8064184059407864,0.8133133130228966,0.7821100202200514,0.8395963558716164,0.855160932545246,0.8430925195224389,0.8474366419257349,0.811097602667818,0.8471558692880753,0.828518503137579,0.857846852926547,arthur-protazio
insurance,random_forest,accuracy,0.9029850746268656,0.8880597014925373,0.9029850746268656,0.8880597014925373,0.8992537313432836,0.8955223880597015,0.914179104477612,0.9067164179104478,0.8880597014925373,0.8843283582089553,0.8805970149253731,0.8805970149253731,0.8880597014925373,0.9328358208955224,0.8843283582089553,0.9067164179104478,0.8432835820895522,0.8805970149253731,0.8992537313432836,0.914179104477612,arthur-protazio
insurance,random_forest,f1_score,0.901363379051258,0.8877769276131564,0.9024542385515708,0.8880839313702513,0.8981085821360256,0.8951240738210492,0.9142252534842756,0.905951231624133,0.8876108399353582,0.8831494120766311,0.8788579645672918,0.8798984873042329,0.8870723492924987,0.9325101532394868,0.8841393791191379,0.9057835540838736,0.8399150705058143,0.8808222871655706,0.8990041591938492,0.9128498507436474,arthur-protazio
insurance,knn,accuracy,0.8134328358208955,0.8432835820895522,0.8134328358208955,0.7910447761194029,0.8544776119402985,0.8283582089552238,0.8432835820895522,0.8208955223880597,0.8097014925373134,0.8544776119402985,0.7910447761194029,0.8246268656716418,0.7985074626865671,0.8582089552238806,0.8134328358208955,0.835820895522388,0.7985074626865671,0.7873134328358209,0.8507462686567164,0.8395522388059702,arthur-protazio
insurance,knn,f1_score,0.8113834407519614,0.8388986964817491,0.8069218797236621,0.7892090779662878,0.8525651994167934,0.8274197771752444,0.8403948965281313,0.8169613198067698,0.8066670089549514,0.8510138927318923,0.7841111389473265,0.8217668531286041,0.7961033424063779,0.8576231397126919,0.8108667679857486,0.8327278144310283,0.7942672096214171,0.7845452240615043,0.8489529547235667,0.8341196566551218,arthur-protazio
insurance,svm,accuracy,0.9029850746268656,0.917910447761194,0.9104477611940298,0.8843283582089553,0.8955223880597015,0.9067164179104478,0.9067164179104478,0.9104477611940298,0.8843283582089553,0.8917910447761194,0.8656716417910447,0.8880597014925373,0.8805970149253731,0.9402985074626866,0.8880597014925373,0.8955223880597015,0.8507462686567164,0.8992537313432836,0.8955223880597015,0.9104477611940298,arthur-protazio
insurance,svm,f1_score,0.9009203147106356,0.91652977848988,0.909046604138898,0.8835551357314911,0.894315212337881,0.9061917319254372,0.9067876159151564,0.9088209034735308,0.8840126904739986,0.8895972838295513,0.8618604667269023,0.8866187095308786,0.8793460443447502,0.9398839030445704,0.8871768150547681,0.8929893880982603,0.8467420146343163,0.8990468871318931,0.8945699228307924,0.9089203344595216,arthur-protazio
wine-white,decision_tree,accuracy,0.7834525025536262,0.7722165474974464,0.7681307456588355,0.7497446373850868,0.7589376915219612,0.7548518896833504,0.7711950970377937,0.7865168539325843,0.7599591419816139,0.7477017364657814,0.7885597548518897,0.7548518896833504,0.7783452502553626,0.7885597548518897,0.7722165474974464,0.7936670071501533,0.7783452502553626,0.7548518896833504,0.7395301327885597,0.7732379979570991,lucas-v2
wine-white,decision_tree,f1_score,0.7471393762183236,0.7457246516070045,0.7350347253271334,0.7167797280622517,0.7294921509122925,0.7196288447219199,0.7328265107212475,0.7576264781798561,0.7291890562079995,0.6971435585096457,0.766647360039427,0.7227780714339651,0.7467072043876122,0.7563402889245586,0.7383974587106383,0.7603560764696757,0.7427879580359467,0.7218987018151861,0.7166849948420089,0.7322605919049168,lucas-v2
wine-white,knn,accuracy,0.7834525025536262,0.7568947906026557,0.7732379979570991,0.7660878447395302,0.7385086823289071,0.7395301327885597,0.7885597548518897,0.7660878447395302,0.7609805924412666,0.7477017364657814,0.7783452502553626,0.7620020429009193,0.7681307456588355,0.7620020429009193,0.7711950970377937,0.7640449438202247,0.7589376915219612,0.7773237997957099,0.7589376915219612,0.7620020429009193,lucas-v2
wine-white,knn,f1_score,0.7480455282657887,0.7191258016297797,0.7322605919049168,0.7309035258814705,0.6929801350464038,0.6998394863563403,0.7481873860709239,0.7235571558043614,0.7309656235026635,0.7061871139964302,0.7479441555406061,0.72184006721484,0.7238576649183563,0.7187284598358785,0.7308591065292096,0.7206122713711247,0.7174865739970849,0.7444782338010631,0.728247471183251,0.7076889167393898,lucas-v2
wine-white,naive_bayes,accuracy,0.7048008171603677,0.6813074565883555,0.7436159346271706,0.6996935648621042,0.6823289070480082,0.6772216547497446,0.7221654749744637,0.693564862104188,0.7170582226762002,0.6925434116445353,0.7048008171603677,0.7037793667007151,0.6976506639427987,0.7068437180796732,0.7078651685393258,0.7088866189989785,0.7068437180796732,0.6905005107252298,0.7037793667007151,0.7180796731358529,lucas-v2
wine-white,naive_bayes,f1_score,0.6669601584855822,0.6494808449695668,0.7019606178402276,0.663518821603928,0.6474327130064835,0.6377945749503577,0.6843133535660091,0.6566518587795184,0.6846140874227331,0.6547263215246084,0.6755397044741716,0.6714734688587721,0.6518759850843809,0.6692649324753014,0.6711802065032554,0.6764447011101177,0.6677018964100078,0.6508267405575481,0.676769677760169,0.6725657282456956,lucas-v2
wine-white,perceptron,accuracy,0.7405515832482125,0.6649642492339122,0.7538304392236976,0.6016343207354443,0.6741573033707865,0.6475995914198162,0.365679264555669,0.7344228804902962,0.6567926455566905,0.7446373850868233,0.6710929519918284,0.6741573033707865,0.7211440245148111,0.6996935648621042,0.686414708886619,0.7099080694586313,0.710929519918284,0.3360572012257405,0.6710929519918284,0.5362614913176711,lucas-v2
wine-white,perceptron,f1_score,0.6264930305215093,0.4393994413407821,0.71680240060015,0.6006338646918539,0.6701430220632736,0.646358356446653,0.3167441562513697,0.7204331781038573,0.444741532976827,0.6415579013965695,0.4634794744366532,0.6679362243948601,0.6978179832371727,0.5121527071553512,0.4718476799662604,0.5634898705082958,0.5626849722433118,0.2538249751411793,0.4922722587295451,0.534208187664009,lucas-v2
wine-white,svm,accuracy,0.7517875383043923,0.7088866189989785,0.7599591419816139,0.7017364657814096,0.7313585291113381,0.7119509703779366,0.7354443309499489,0.7323799795709908,0.7129724208375894,0.763023493360572,0.7344228804902962,0.7323799795709908,0.7313585291113381,0.7313585291113381,0.7313585291113381,0.72829417773238,0.7313585291113381,0.7415730337078652,0.7170582226762002,0.7354443309499489,lucas-v2
wine-white,svm,f1_score,0.6542400816230428,0.6050390905346124,0.6593733945103544,0.5936003730367236,0.6365583019616312,0.6161958516376578,0.6303543808139578,0.6255022543042026,0.6105824015446529,0.6798488949030221,0.6401956349655095,0.6277674580600221,0.6313018997882124,0.6334351264583823,0.6280228551615537,0.6232174688057041,0.630219575841918,0.6442796680152292,0.6304225467281759,0.616005754741983,lucas-v2
iris,perceptron,accuracy,0.9,0.9333333333333332,0.0666666666666666,0.7,0.9,0.9333333333333332,0.0666666666666666,0.7,0.9,0.9333333333333332,0.0666666666666666,0.7,0.9,0.9333333333333332,0.0666666666666666,0.7,0.9,0.9333333333333332,0.0666666666666666,0.7,gustavo--cruz-v2
iris,perceptron,f1_score,0.4736842105263157,0.9282296650717704,0.0416666666666666,0.699666295884316,0.4736842105263157,0.9282296650717704,0.0416666666666666,0.699666295884316,0.4736842105263157,0.9282296650717704,0.0416666666666666,0.699666295884316,0.4736842105263157,0.9282296650717704,0.0416666666666666,0.699666295884316,0.4736842105263157,0.9282296650717704,0.0416666666666666,0.699666295884316,gustavo--cruz-v2
iris,svm,accuracy,1.0,0.5,0.9666666666666668,0.3333333333333333,1.0,0.5,0.9666666666666668,0.3333333333333333,1.0,0.5,0.9666666666666668,0.3333333333333333,1.0,0.5,0.9666666666666668,0.3333333333333333,1.0,0.5,0.9666666666666668,0.3333333333333333,gustavo--cruz-v2
iris,svm,f1_score,1.0,0.3333333333333333,0.964747356051704,0.25,1.0,0.3333333333333333,0.964747356051704,0.25,1.0,0.3333333333333333,0.964747356051704,0.25,1.0,0.3333333333333333,0.964747356051704,0.25,1.0,0.3333333333333333,0.964747356051704,0.25,gustavo--cruz-v2
iris,naive_bayes,accuracy,0.9666666666666668,1.0,0.9,0.9666666666666668,0.9666666666666668,1.0,0.9,0.9666666666666668,0.9666666666666668,1.0,0.9,0.9666666666666668,0.9666666666666668,1.0,0.9,0.9666666666666668,0.9666666666666668,1.0,0.9,0.9666666666666668,gustavo--cruz-v2
iris,naive_bayes,f1_score,0.6470588235294118,1.0,0.4736842105263157,0.9657142857142856,0.6470588235294118,1.0,0.4736842105263157,0.9657142857142856,0.6470588235294118,1.0,0.4736842105263157,0.9657142857142856,0.6470588235294118,1.0,0.4736842105263157,0.9657142857142856,0.6470588235294118,1.0,0.4736842105263157,0.9657142857142856,gustavo--cruz-v2
iris,decision_tree,accuracy,0.8333333333333334,0.9666666666666668,1.0,0.7,0.8333333333333334,0.9666666666666668,1.0,0.7,0.8333333333333334,0.9666666666666668,1.0,0.7,0.8333333333333334,0.9666666666666668,1.0,0.7,0.8333333333333334,0.9666666666666668,1.0,0.7,gustavo--cruz-v2
iris,decision_tree,f1_score,0.4545454545454545,0.6444444444444445,1.0,0.4117647058823529,0.4545454545454545,0.6444444444444445,1.0,0.4117647058823529,0.4545454545454545,0.6444444444444445,1.0,0.4117647058823529,0.4545454545454545,0.6444444444444445,1.0,0.4117647058823529,0.4545454545454545,0.6444444444444445,1.0,0.4117647058823529,gustavo--cruz-v2
iris,knn,accuracy,0.9666666666666668,0.8333333333333334,1.0,1.0,0.9666666666666668,0.8333333333333334,1.0,1.0,0.9666666666666668,0.8333333333333334,1.0,1.0,0.9666666666666668,0.8333333333333334,1.0,1.0,0.9666666666666668,0.8333333333333334,1.0,1.0,gustavo--cruz-v2
iris,knn,f1_score,0.9663299663299664,0.4545454545454545,1.0,1.0,0.9663299663299664,0.4545454545454545,1.0,1.0,0.9663299663299664,0.4545454545454545,1.0,1.0,0.9663299663299664,0.4545454545454545,1.0,1.0,0.9663299663299664,0.4545454545454545,1.0,1.0,gustavo--cruz-v2
bank,perceptron,f1_score,0.6026277569493701,0.5043351991660994,0.5299760641163163,0.4896721430122313,0.5930580032181443,0.486528906776111,0.6142201005388593,0.6740435995649501,0.675374061967681,0.6180455226931989,0.2230678205990858,0.5873053446730805,0.5764716537174724,0.5944976076555024,0.6766437997419487,0.6290375471388752,0.5293737079662567,0.6894185118556492,0.5273202614379084,0.5449796060053805,ana--beatriz
bank,perceptron,accuracy,0.8850828729281768,0.8993362831858407,0.8772123893805309,0.870575221238938,0.8960176991150443,0.881767955801105,0.7389380530973452,0.8650442477876106,0.870575221238938,0.7942477876106194,0.2232044198895027,0.8805309734513275,0.702433628318584,0.8871681415929203,0.8761061946902655,0.8453038674033149,0.8860619469026548,0.8595132743362832,0.8938053097345132,0.8716814159292036,ana--beatriz
bank,svm,f1_score,0.4713785046728972,0.4735002912055912,0.4657210401891253,0.4644549763033175,0.4719626168224299,0.4682726204465335,0.4707259953161593,0.465405085748078,0.4697947214076246,0.4728862973760933,0.4676470588235294,0.4660366213821618,0.4716540035067212,0.4679223072395527,0.4738067520372526,0.4713785046728972,0.47010550996483,0.4697947214076246,0.4707259953161593,0.4650887573964497,ana--beatriz
bank,svm,accuracy,0.8917127071823204,0.8993362831858407,0.8716814159292036,0.8672566371681416,0.8938053097345132,0.8806629834254144,0.8893805309734514,0.870575221238938,0.8860619469026548,0.8971238938053098,0.8784530386740331,0.8727876106194691,0.8926991150442478,0.879424778761062,0.9004424778761062,0.8917127071823204,0.8871681415929203,0.8860619469026548,0.8893805309734514,0.8694690265486725,ana--beatriz
bank,naive_bayes,f1_score,0.6294320923257481,0.6178300865800865,0.6541804382421349,0.6318495839221228,0.660575719649562,0.6477937954664831,0.645399088339127,0.6473736705410663,0.6484036796536796,0.6198732048130418,0.6115024766097964,0.66726599178598,0.6308470290771175,0.6818460031827641,0.5706901426622416,0.6115717186943869,0.6674432863274065,0.6872643712990669,0.6083220927856121,0.6196462953520189,ana--beatriz
bank,naive_bayes,accuracy,0.8265193370165745,0.834070796460177,0.834070796460177,0.8163716814159292,0.8606194690265486,0.8419889502762431,0.8396017699115044,0.8252212389380531,0.8473451327433629,0.827433628318584,0.8276243093922652,0.8462389380530974,0.838495575221239,0.8473451327433629,0.8086283185840708,0.8187845303867404,0.8506637168141593,0.8484513274336283,0.8241150442477876,0.8329646017699115,ana--beatriz
bank,decision_tree,f1_score,0.6853783231083845,0.6525763478443795,0.7441626219131812,0.6710458623502102,0.6931572040941301,0.6408839779005524,0.6884262769697388,0.7096348011587457,0.6838687115951441,0.6602334636029586,0.6514906832298137,0.733798076923077,0.6915795586527294,0.7259275611873961,0.6718931475029035,0.6662031732975595,0.7226509020971408,0.6838162635362512,0.6851651788252686,0.6836419518281271,ana--beatriz
bank,decision_tree,accuracy,0.887292817679558,0.8949115044247787,0.8971238938053098,0.8716814159292036,0.8926991150442478,0.8707182320441988,0.8893805309734514,0.8827433628318584,0.8838495575221239,0.8860619469026548,0.8629834254143647,0.8915929203539823,0.8960176991150443,0.8860619469026548,0.8893805309734514,0.8751381215469614,0.8971238938053098,0.8860619469026548,0.8915929203539823,0.8727876106194691,ana--beatriz
bank,knn,f1_score,0.5217904322175195,0.5197270922461762,0.5116694599498595,0.4774019400328649,0.52049476345251,0.5097873566931208,0.5124682195228434,0.5156892696641651,0.5302029836145756,0.5189676961621178,0.5019966579328659,0.5275694508114055,0.5336084905660378,0.5077688971860841,0.4995050750775942,0.5139001152476259,0.5302029836145756,0.5310408587791161,0.4972109875749901,0.5171091908876669,ana--beatriz
bank,knn,accuracy,0.8861878453038674,0.8949115044247787,0.870575221238938,0.8595132743362832,0.8960176991150443,0.8795580110497238,0.8838495575221239,0.8661504424778761,0.8871681415929203,0.8938053097345132,0.8795580110497238,0.8738938053097345,0.8915929203539823,0.8761061946902655,0.8904867256637168,0.8861878453038674,0.8871681415929203,0.8882743362831859,0.8860619469026548,0.8683628318584071,ana--beatriz
